9000000001,8000000001,testmail_1@test.com
9000000002,8000000002,testmail_2@test.com
9000000003,8000000003,testmail_3@test.com
9000000004,8000000004,testmail_4@test.com
9000000005,8000000005,testmail_5@test.com
9000000006,8000000006,testmail_6@test.com
9000000007,8000000007,testmail_7@test.com
9000000008,8000000008,testmail_8@test.com
9000000009,8000000009,testmail_9@test.com
9000000010,8000000010,testmail_10@test.com
9000000011,8000000011,testmail_11@test.com
9000000012,8000000012,testmail_12@test.com
9000000013,8000000013,testmail_13@test.com
9000000014,8000000014,testmail_14@test.com
9000000015,8000000015,testmail_15@test.com
9000000016,8000000016,testmail_16@test.com
9000000017,8000000017,testmail_17@test.com
9000000018,8000000018,testmail_18@test.com
9000000019,8000000019,testmail_19@test.com
9000000020,8000000020,testmail_20@test.com
9000000021,8000000021,testmail_21@test.com
9000000022,8000000022,testmail_22@test.com
9000000023,8000000023,testmail_23@test.com
9000000024,8000000024,testmail_24@test.com
9000000025,8000000025,testmail_25@test.com
9000000026,8000000026,testmail_26@test.com
9000000027,8000000027,testmail_27@test.com
9000000028,8000000028,testmail_28@test.com
9000000029,8000000029,testmail_29@test.com
9000000030,8000000030,testmail_30@test.com
9000000031,8000000031,testmail_31@test.com
9000000032,8000000032,testmail_32@test.com
9000000033,8000000033,testmail_33@test.com
9000000034,8000000034,testmail_34@test.com
9000000035,8000000035,testmail_35@test.com
9000000036,8000000036,testmail_36@test.com
9000000037,8000000037,testmail_37@test.com
9000000038,8000000038,testmail_38@test.com
9000000039,8000000039,testmail_39@test.com
9000000040,8000000040,testmail_40@test.com
9000000041,8000000041,testmail_41@test.com
9000000042,8000000042,testmail_42@test.com
9000000043,8000000043,testmail_43@test.com
9000000044,8000000044,testmail_44@test.com
9000000045,8000000045,testmail_45@test.com
9000000046,8000000046,testmail_46@test.com
9000000047,8000000047,testmail_47@test.com
9000000048,8000000048,testmail_48@test.com
9000000049,8000000049,testmail_49@test.com
9000000050,8000000050,testmail_50@test.com
9000000051,8000000051,testmail_51@test.com
9000000052,8000000052,testmail_52@test.com
9000000053,8000000053,testmail_53@test.com
9000000054,8000000054,testmail_54@test.com
9000000055,8000000055,testmail_55@test.com
9000000056,8000000056,testmail_56@test.com
9000000057,8000000057,testmail_57@test.com
9000000058,8000000058,testmail_58@test.com
9000000059,8000000059,testmail_59@test.com
9000000060,8000000060,testmail_60@test.com
9000000061,8000000061,testmail_61@test.com
9000000062,8000000062,testmail_62@test.com
9000000063,8000000063,testmail_63@test.com
9000000064,8000000064,testmail_64@test.com
9000000065,8000000065,testmail_65@test.com
9000000066,8000000066,testmail_66@test.com
9000000067,8000000067,testmail_67@test.com
9000000068,8000000068,testmail_68@test.com
9000000069,8000000069,testmail_69@test.com
9000000070,8000000070,testmail_70@test.com
9000000071,8000000071,testmail_71@test.com
9000000072,8000000072,testmail_72@test.com
9000000073,8000000073,testmail_73@test.com
9000000074,8000000074,testmail_74@test.com
9000000075,8000000075,testmail_75@test.com
9000000076,8000000076,testmail_76@test.com
9000000077,8000000077,testmail_77@test.com
9000000078,8000000078,testmail_78@test.com
9000000079,8000000079,testmail_79@test.com
9000000080,8000000080,testmail_80@test.com
9000000081,8000000081,testmail_81@test.com
9000000082,8000000082,testmail_82@test.com
9000000083,8000000083,testmail_83@test.com
9000000084,8000000084,testmail_84@test.com
9000000085,8000000085,testmail_85@test.com
9000000086,8000000086,testmail_86@test.com
9000000087,8000000087,testmail_87@test.com
9000000088,8000000088,testmail_88@test.com
9000000089,8000000089,testmail_89@test.com
9000000090,8000000090,testmail_90@test.com
9000000091,8000000091,testmail_91@test.com
9000000092,8000000092,testmail_92@test.com
9000000093,8000000093,testmail_93@test.com
9000000094,8000000094,testmail_94@test.com
9000000095,8000000095,testmail_95@test.com
9000000096,8000000096,testmail_96@test.com
9000000097,8000000097,testmail_97@test.com
9000000098,8000000098,testmail_98@test.com
9000000099,8000000099,testmail_99@test.com
9000000100,8000000100,testmail_100@test.com
9000000101,8000000101,testmail_101@test.com
9000000102,8000000102,testmail_102@test.com
9000000103,8000000103,testmail_103@test.com
9000000104,8000000104,testmail_104@test.com
9000000105,8000000105,testmail_105@test.com
9000000106,8000000106,testmail_106@test.com
9000000107,8000000107,testmail_107@test.com
9000000108,8000000108,testmail_108@test.com
9000000109,8000000109,testmail_109@test.com
9000000110,8000000110,testmail_110@test.com
9000000111,8000000111,testmail_111@test.com
9000000112,8000000112,testmail_112@test.com
9000000113,8000000113,testmail_113@test.com
9000000114,8000000114,testmail_114@test.com
9000000115,8000000115,testmail_115@test.com
9000000116,8000000116,testmail_116@test.com
9000000117,8000000117,testmail_117@test.com
9000000118,8000000118,testmail_118@test.com
9000000119,8000000119,testmail_119@test.com
9000000120,8000000120,testmail_120@test.com
9000000121,8000000121,testmail_121@test.com
9000000122,8000000122,testmail_122@test.com
9000000123,8000000123,testmail_123@test.com
9000000124,8000000124,testmail_124@test.com
9000000125,8000000125,testmail_125@test.com
9000000126,8000000126,testmail_126@test.com
9000000127,8000000127,testmail_127@test.com
9000000128,8000000128,testmail_128@test.com
9000000129,8000000129,testmail_129@test.com
9000000130,8000000130,testmail_130@test.com
9000000131,8000000131,testmail_131@test.com
9000000132,8000000132,testmail_132@test.com
9000000133,8000000133,testmail_133@test.com
9000000134,8000000134,testmail_134@test.com
9000000135,8000000135,testmail_135@test.com
9000000136,8000000136,testmail_136@test.com
9000000137,8000000137,testmail_137@test.com
9000000138,8000000138,testmail_138@test.com
9000000139,8000000139,testmail_139@test.com
9000000140,8000000140,testmail_140@test.com
9000000141,8000000141,testmail_141@test.com
9000000142,8000000142,testmail_142@test.com
9000000143,8000000143,testmail_143@test.com
9000000144,8000000144,testmail_144@test.com
9000000145,8000000145,testmail_145@test.com
9000000146,8000000146,testmail_146@test.com
9000000147,8000000147,testmail_147@test.com
9000000148,8000000148,testmail_148@test.com
9000000149,8000000149,testmail_149@test.com
9000000150,8000000150,testmail_150@test.com
9000000151,8000000151,testmail_151@test.com
9000000152,8000000152,testmail_152@test.com
9000000153,8000000153,testmail_153@test.com
9000000154,8000000154,testmail_154@test.com
9000000155,8000000155,testmail_155@test.com
9000000156,8000000156,testmail_156@test.com
9000000157,8000000157,testmail_157@test.com
9000000158,8000000158,testmail_158@test.com
9000000159,8000000159,testmail_159@test.com
9000000160,8000000160,testmail_160@test.com
9000000161,8000000161,testmail_161@test.com
9000000162,8000000162,testmail_162@test.com
9000000163,8000000163,testmail_163@test.com
9000000164,8000000164,testmail_164@test.com
9000000165,8000000165,testmail_165@test.com
9000000166,8000000166,testmail_166@test.com
9000000167,8000000167,testmail_167@test.com
9000000168,8000000168,testmail_168@test.com
9000000169,8000000169,testmail_169@test.com
9000000170,8000000170,testmail_170@test.com
9000000171,8000000171,testmail_171@test.com
9000000172,8000000172,testmail_172@test.com
9000000173,8000000173,testmail_173@test.com
9000000174,8000000174,testmail_174@test.com
9000000175,8000000175,testmail_175@test.com
9000000176,8000000176,testmail_176@test.com
9000000177,8000000177,testmail_177@test.com
9000000178,8000000178,testmail_178@test.com
9000000179,8000000179,testmail_179@test.com
9000000180,8000000180,testmail_180@test.com
9000000181,8000000181,testmail_181@test.com
9000000182,8000000182,testmail_182@test.com
9000000183,8000000183,testmail_183@test.com
9000000184,8000000184,testmail_184@test.com
9000000185,8000000185,testmail_185@test.com
9000000186,8000000186,testmail_186@test.com
9000000187,8000000187,testmail_187@test.com
9000000188,8000000188,testmail_188@test.com
9000000189,8000000189,testmail_189@test.com
9000000190,8000000190,testmail_190@test.com
9000000191,8000000191,testmail_191@test.com
9000000192,8000000192,testmail_192@test.com
9000000193,8000000193,testmail_193@test.com
9000000194,8000000194,testmail_194@test.com
9000000195,8000000195,testmail_195@test.com
9000000196,8000000196,testmail_196@test.com
9000000197,8000000197,testmail_197@test.com
9000000198,8000000198,testmail_198@test.com
9000000199,8000000199,testmail_199@test.com
9000000200,8000000200,testmail_200@test.com
9000000201,8000000201,testmail_201@test.com
9000000202,8000000202,testmail_202@test.com
9000000203,8000000203,testmail_203@test.com
9000000204,8000000204,testmail_204@test.com
9000000205,8000000205,testmail_205@test.com
9000000206,8000000206,testmail_206@test.com
9000000207,8000000207,testmail_207@test.com
9000000208,8000000208,testmail_208@test.com
9000000209,8000000209,testmail_209@test.com
9000000210,8000000210,testmail_210@test.com
9000000211,8000000211,testmail_211@test.com
9000000212,8000000212,testmail_212@test.com
9000000213,8000000213,testmail_213@test.com
9000000214,8000000214,testmail_214@test.com
9000000215,8000000215,testmail_215@test.com
9000000216,8000000216,testmail_216@test.com
9000000217,8000000217,testmail_217@test.com
9000000218,8000000218,testmail_218@test.com
9000000219,8000000219,testmail_219@test.com
9000000220,8000000220,testmail_220@test.com
9000000221,8000000221,testmail_221@test.com
9000000222,8000000222,testmail_222@test.com
9000000223,8000000223,testmail_223@test.com
9000000224,8000000224,testmail_224@test.com
9000000225,8000000225,testmail_225@test.com
9000000226,8000000226,testmail_226@test.com
9000000227,8000000227,testmail_227@test.com
9000000228,8000000228,testmail_228@test.com
9000000229,8000000229,testmail_229@test.com
9000000230,8000000230,testmail_230@test.com
9000000231,8000000231,testmail_231@test.com
9000000232,8000000232,testmail_232@test.com
9000000233,8000000233,testmail_233@test.com
9000000234,8000000234,testmail_234@test.com
9000000235,8000000235,testmail_235@test.com
9000000236,8000000236,testmail_236@test.com
9000000237,8000000237,testmail_237@test.com
9000000238,8000000238,testmail_238@test.com
9000000239,8000000239,testmail_239@test.com
9000000240,8000000240,testmail_240@test.com
9000000241,8000000241,testmail_241@test.com
9000000242,8000000242,testmail_242@test.com
9000000243,8000000243,testmail_243@test.com
9000000244,8000000244,testmail_244@test.com
9000000245,8000000245,testmail_245@test.com
9000000246,8000000246,testmail_246@test.com
9000000247,8000000247,testmail_247@test.com
9000000248,8000000248,testmail_248@test.com
9000000249,8000000249,testmail_249@test.com
9000000250,8000000250,testmail_250@test.com
9000000251,8000000251,testmail_251@test.com
9000000252,8000000252,testmail_252@test.com
9000000253,8000000253,testmail_253@test.com
9000000254,8000000254,testmail_254@test.com
9000000255,8000000255,testmail_255@test.com
9000000256,8000000256,testmail_256@test.com
9000000257,8000000257,testmail_257@test.com
9000000258,8000000258,testmail_258@test.com
9000000259,8000000259,testmail_259@test.com
9000000260,8000000260,testmail_260@test.com
9000000261,8000000261,testmail_261@test.com
9000000262,8000000262,testmail_262@test.com
9000000263,8000000263,testmail_263@test.com
9000000264,8000000264,testmail_264@test.com
9000000265,8000000265,testmail_265@test.com
9000000266,8000000266,testmail_266@test.com
9000000267,8000000267,testmail_267@test.com
9000000268,8000000268,testmail_268@test.com
9000000269,8000000269,testmail_269@test.com
9000000270,8000000270,testmail_270@test.com
9000000271,8000000271,testmail_271@test.com
9000000272,8000000272,testmail_272@test.com
9000000273,8000000273,testmail_273@test.com
9000000274,8000000274,testmail_274@test.com
9000000275,8000000275,testmail_275@test.com
9000000276,8000000276,testmail_276@test.com
9000000277,8000000277,testmail_277@test.com
9000000278,8000000278,testmail_278@test.com
9000000279,8000000279,testmail_279@test.com
9000000280,8000000280,testmail_280@test.com
9000000281,8000000281,testmail_281@test.com
9000000282,8000000282,testmail_282@test.com
9000000283,8000000283,testmail_283@test.com
9000000284,8000000284,testmail_284@test.com
9000000285,8000000285,testmail_285@test.com
9000000286,8000000286,testmail_286@test.com
9000000287,8000000287,testmail_287@test.com
9000000288,8000000288,testmail_288@test.com
9000000289,8000000289,testmail_289@test.com
9000000290,8000000290,testmail_290@test.com
9000000291,8000000291,testmail_291@test.com
9000000292,8000000292,testmail_292@test.com
9000000293,8000000293,testmail_293@test.com
9000000294,8000000294,testmail_294@test.com
9000000295,8000000295,testmail_295@test.com
9000000296,8000000296,testmail_296@test.com
9000000297,8000000297,testmail_297@test.com
9000000298,8000000298,testmail_298@test.com
9000000299,8000000299,testmail_299@test.com
9000000300,8000000300,testmail_300@test.com
9000000301,8000000301,testmail_301@test.com
9000000302,8000000302,testmail_302@test.com
9000000303,8000000303,testmail_303@test.com
9000000304,8000000304,testmail_304@test.com
9000000305,8000000305,testmail_305@test.com
9000000306,8000000306,testmail_306@test.com
9000000307,8000000307,testmail_307@test.com
9000000308,8000000308,testmail_308@test.com
9000000309,8000000309,testmail_309@test.com
9000000310,8000000310,testmail_310@test.com
9000000311,8000000311,testmail_311@test.com
9000000312,8000000312,testmail_312@test.com
9000000313,8000000313,testmail_313@test.com
9000000314,8000000314,testmail_314@test.com
9000000315,8000000315,testmail_315@test.com
9000000316,8000000316,testmail_316@test.com
9000000317,8000000317,testmail_317@test.com
9000000318,8000000318,testmail_318@test.com
9000000319,8000000319,testmail_319@test.com
9000000320,8000000320,testmail_320@test.com
9000000321,8000000321,testmail_321@test.com
9000000322,8000000322,testmail_322@test.com
9000000323,8000000323,testmail_323@test.com
9000000324,8000000324,testmail_324@test.com
9000000325,8000000325,testmail_325@test.com
9000000326,8000000326,testmail_326@test.com
9000000327,8000000327,testmail_327@test.com
9000000328,8000000328,testmail_328@test.com
9000000329,8000000329,testmail_329@test.com
9000000330,8000000330,testmail_330@test.com
9000000331,8000000331,testmail_331@test.com
9000000332,8000000332,testmail_332@test.com
9000000333,8000000333,testmail_333@test.com
9000000334,8000000334,testmail_334@test.com
9000000335,8000000335,testmail_335@test.com
9000000336,8000000336,testmail_336@test.com
9000000337,8000000337,testmail_337@test.com
9000000338,8000000338,testmail_338@test.com
9000000339,8000000339,testmail_339@test.com
9000000340,8000000340,testmail_340@test.com
9000000341,8000000341,testmail_341@test.com
9000000342,8000000342,testmail_342@test.com
9000000343,8000000343,testmail_343@test.com
9000000344,8000000344,testmail_344@test.com
9000000345,8000000345,testmail_345@test.com
9000000346,8000000346,testmail_346@test.com
9000000347,8000000347,testmail_347@test.com
9000000348,8000000348,testmail_348@test.com
9000000349,8000000349,testmail_349@test.com
9000000350,8000000350,testmail_350@test.com
9000000351,8000000351,testmail_351@test.com
9000000352,8000000352,testmail_352@test.com
9000000353,8000000353,testmail_353@test.com
9000000354,8000000354,testmail_354@test.com
9000000355,8000000355,testmail_355@test.com
9000000356,8000000356,testmail_356@test.com
9000000357,8000000357,testmail_357@test.com
9000000358,8000000358,testmail_358@test.com
9000000359,8000000359,testmail_359@test.com
9000000360,8000000360,testmail_360@test.com
9000000361,8000000361,testmail_361@test.com
9000000362,8000000362,testmail_362@test.com
9000000363,8000000363,testmail_363@test.com
9000000364,8000000364,testmail_364@test.com
9000000365,8000000365,testmail_365@test.com
9000000366,8000000366,testmail_366@test.com
9000000367,8000000367,testmail_367@test.com
9000000368,8000000368,testmail_368@test.com
9000000369,8000000369,testmail_369@test.com
9000000370,8000000370,testmail_370@test.com
9000000371,8000000371,testmail_371@test.com
9000000372,8000000372,testmail_372@test.com
9000000373,8000000373,testmail_373@test.com
9000000374,8000000374,testmail_374@test.com
9000000375,8000000375,testmail_375@test.com
9000000376,8000000376,testmail_376@test.com
9000000377,8000000377,testmail_377@test.com
9000000378,8000000378,testmail_378@test.com
9000000379,8000000379,testmail_379@test.com
9000000380,8000000380,testmail_380@test.com
9000000381,8000000381,testmail_381@test.com
9000000382,8000000382,testmail_382@test.com
9000000383,8000000383,testmail_383@test.com
9000000384,8000000384,testmail_384@test.com
9000000385,8000000385,testmail_385@test.com
9000000386,8000000386,testmail_386@test.com
9000000387,8000000387,testmail_387@test.com
9000000388,8000000388,testmail_388@test.com
9000000389,8000000389,testmail_389@test.com
9000000390,8000000390,testmail_390@test.com
9000000391,8000000391,testmail_391@test.com
9000000392,8000000392,testmail_392@test.com
9000000393,8000000393,testmail_393@test.com
9000000394,8000000394,testmail_394@test.com
9000000395,8000000395,testmail_395@test.com
9000000396,8000000396,testmail_396@test.com
9000000397,8000000397,testmail_397@test.com
9000000398,8000000398,testmail_398@test.com
9000000399,8000000399,testmail_399@test.com
9000000400,8000000400,testmail_400@test.com
9000000401,8000000401,testmail_401@test.com
9000000402,8000000402,testmail_402@test.com
9000000403,8000000403,testmail_403@test.com
9000000404,8000000404,testmail_404@test.com
9000000405,8000000405,testmail_405@test.com
9000000406,8000000406,testmail_406@test.com
9000000407,8000000407,testmail_407@test.com
9000000408,8000000408,testmail_408@test.com
9000000409,8000000409,testmail_409@test.com
9000000410,8000000410,testmail_410@test.com
9000000411,8000000411,testmail_411@test.com
9000000412,8000000412,testmail_412@test.com
9000000413,8000000413,testmail_413@test.com
9000000414,8000000414,testmail_414@test.com
9000000415,8000000415,testmail_415@test.com
9000000416,8000000416,testmail_416@test.com
9000000417,8000000417,testmail_417@test.com
9000000418,8000000418,testmail_418@test.com
9000000419,8000000419,testmail_419@test.com
9000000420,8000000420,testmail_420@test.com
9000000421,8000000421,testmail_421@test.com
9000000422,8000000422,testmail_422@test.com
9000000423,8000000423,testmail_423@test.com
9000000424,8000000424,testmail_424@test.com
9000000425,8000000425,testmail_425@test.com
9000000426,8000000426,testmail_426@test.com
9000000427,8000000427,testmail_427@test.com
9000000428,8000000428,testmail_428@test.com
9000000429,8000000429,testmail_429@test.com
9000000430,8000000430,testmail_430@test.com
9000000431,8000000431,testmail_431@test.com
9000000432,8000000432,testmail_432@test.com
9000000433,8000000433,testmail_433@test.com
9000000434,8000000434,testmail_434@test.com
9000000435,8000000435,testmail_435@test.com
9000000436,8000000436,testmail_436@test.com
9000000437,8000000437,testmail_437@test.com
9000000438,8000000438,testmail_438@test.com
9000000439,8000000439,testmail_439@test.com
9000000440,8000000440,testmail_440@test.com
9000000441,8000000441,testmail_441@test.com
9000000442,8000000442,testmail_442@test.com
9000000443,8000000443,testmail_443@test.com
9000000444,8000000444,testmail_444@test.com
9000000445,8000000445,testmail_445@test.com
9000000446,8000000446,testmail_446@test.com
9000000447,8000000447,testmail_447@test.com
9000000448,8000000448,testmail_448@test.com
9000000449,8000000449,testmail_449@test.com
9000000450,8000000450,testmail_450@test.com
9000000451,8000000451,testmail_451@test.com
9000000452,8000000452,testmail_452@test.com
9000000453,8000000453,testmail_453@test.com
9000000454,8000000454,testmail_454@test.com
9000000455,8000000455,testmail_455@test.com
9000000456,8000000456,testmail_456@test.com
9000000457,8000000457,testmail_457@test.com
9000000458,8000000458,testmail_458@test.com
9000000459,8000000459,testmail_459@test.com
9000000460,8000000460,testmail_460@test.com
9000000461,8000000461,testmail_461@test.com
9000000462,8000000462,testmail_462@test.com
9000000463,8000000463,testmail_463@test.com
9000000464,8000000464,testmail_464@test.com
9000000465,8000000465,testmail_465@test.com
9000000466,8000000466,testmail_466@test.com
9000000467,8000000467,testmail_467@test.com
9000000468,8000000468,testmail_468@test.com
9000000469,8000000469,testmail_469@test.com
9000000470,8000000470,testmail_470@test.com
9000000471,8000000471,testmail_471@test.com
9000000472,8000000472,testmail_472@test.com
9000000473,8000000473,testmail_473@test.com
9000000474,8000000474,testmail_474@test.com
9000000475,8000000475,testmail_475@test.com
9000000476,8000000476,testmail_476@test.com
9000000477,8000000477,testmail_477@test.com
9000000478,8000000478,testmail_478@test.com
9000000479,8000000479,testmail_479@test.com
9000000480,8000000480,testmail_480@test.com
9000000481,8000000481,testmail_481@test.com
9000000482,8000000482,testmail_482@test.com
9000000483,8000000483,testmail_483@test.com
9000000484,8000000484,testmail_484@test.com
9000000485,8000000485,testmail_485@test.com
9000000486,8000000486,testmail_486@test.com
9000000487,8000000487,testmail_487@test.com
9000000488,8000000488,testmail_488@test.com
9000000489,8000000489,testmail_489@test.com
9000000490,8000000490,testmail_490@test.com
9000000491,8000000491,testmail_491@test.com
9000000492,8000000492,testmail_492@test.com
9000000493,8000000493,testmail_493@test.com
9000000494,8000000494,testmail_494@test.com
9000000495,8000000495,testmail_495@test.com
9000000496,8000000496,testmail_496@test.com
9000000497,8000000497,testmail_497@test.com
9000000498,8000000498,testmail_498@test.com
9000000499,8000000499,testmail_499@test.com
9000000500,8000000500,testmail_500@test.com
